,,,PORCENTAJE EN AVANCE GENERAL,,,,,,,,,,,,,,,,,,Proyectos actuales,,,,,,,,,,,,,,,,,,,,
,,,EQUIPOS HIDROMECANICOS MC S.A de CV,,,,,,,,,,,,,,Ensamble empezado,,Grúas terminada,,,,#REF!,,,#REF!,,,,,,,,,,,,,,,
,,,CANT. DE CHASIS,,511 UNIDADES,,,MARCA:,,INTERNATIONAL,,Entrega 1,,100,100.0%,,,,,,,,#REF!,,,#REF!,,,,,,,,,,,,,,,
,,,ORD. DE TRABAJO,,OT-001-2023,,,MODELO:,,2023-2024,,Ampliacion 1,,85,#REF!,,0,,2,,,,#REF!,,,,,,,,,,,,,,,,,,
,,,,,,,,,,,,,,,,,,,,,,,,,,,,,,,,,,,,,,,,,
N°,N° ALMACEN,VIN,N° consecutivo,División (R),AVANCE POR ENSAMBLE,,,,,,,,,,,,Chasis empezados,,AVANCE POR ENSAMBLE,,,,,,,,,,,,PONDERACION POR ENSAMBLAJE,,,,,,,,,,
,,,,,0%,10%,20%,30%,40%,50%,60%,70%,80%,90%,100%,,,,Estructural,Talleres,Electricos,Ensamble inferior,Pedest/Tornam.,Brz. sis. nivel,Pruebas iniciales,Acabado inicial,Pintura detalles,Acabado final,Pruebas calidad/finales,,Estructural,Talleres,Electricos,Ensamble inferior,Pedest/Tornam.,Brz. sis. nivel,Pruebas iniciales,Acabado inicial,Pintura detalles,Acabado final,Pruebas Finales
,,,,,,,,,,,,,,,,,Horas,,,,,,,,,,,,,,8:25:00,252:18:00,8:25:00,4:50:00,55:02:00,#REF!,2:30:00,10:25:00,2:00:00,1:52:00,35:00:00
,,,,,,,,,,,,,,,,,Ponderación,,,,,,,,,,,,,,2.14%,64.10%,2.46%,1.38%,13.98%,#REF!,0.68%,2.65%,0.51%,0.47%,8.89%
001,150-342,3HAEUMMR5SL145143,1,JALISCO,.,.,.,.,.,.,.,.,.,.,100%,,Ensam.Inic.,,100.00%,100.00%,100.00%,100.00%,100.00%,100.00%,100.00%,100.00%,100.00%,100.00%,100.00%,,100.00%,100.00%,100.00%,100.00%,100.00%,#REF!,100.00%,100.00%,100.00%,100.00%,100.00%
002,150-343,3HAEUMMR6SL145202,2,JALISCO,.,.,.,.,.,.,.,.,.,.,100%,,Ensam.Inic.,,100.00%,100.00%,100.00%,100.00%,100.00%,100.00%,100.00%,100.00%,100.00%,100.00%,100.00%,,100.00%,100.00%,100.00%,100.00%,100.00%,#REF!,100.00%,100.00%,100.00%,100.00%,100.00%
003,150-344,3HAEUMMRXSL145204,3,JALISCO,.,.,.,.,.,.,.,.,.,.,100%,,Ensam.Inic.,,100.00%,100.00%,100.00%,100.00%,100.00%,100.00%,100.00%,100.00%,100.00%,100.00%,100.00%,,100.00%,100.00%,100.00%,100.00%,100.00%,#REF!,100.00%,100.00%,100.00%,100.00%,100.00%
004,150-345,3HAEUMMR7SL145080,4,JALISCO,.,.,.,.,.,.,.,.,.,.,100%,,Ensam.Inic.,,100.00%,100.00%,100.00%,100.00%,100.00%,100.00%,100.00%,100.00%,100.00%,100.00%,100.00%,,100.00%,100.00%,100.00%,100.00%,100.00%,#REF!,100.00%,100.00%,100.00%,100.00%,100.00%
005,150-346,3HAEUMMR7SL145130,5,JALISCO,.,.,.,.,.,.,.,.,.,.,100%,,Ensam.Inic.,,100.00%,100.00%,100.00%,100.00%,100.00%,100.00%,100.00%,100.00%,100.00%,100.00%,100.00%,,100.00%,100.00%,100.00%,100.00%,100.00%,#REF!,100.00%,100.00%,100.00%,100.00%,100.00%
006,150-347,3HAEUMMR1SL143616,6,JALISCO,.,.,.,.,.,.,.,.,.,.,100%,,Ensam.Inic.,,100.00%,100.00%,100.00%,100.00%,100.00%,100.00%,100.00%,100.00%,100.00%,100.00%,100.00%,,100.00%,100.00%,100.00%,100.00%,100.00%,#REF!,100.00%,100.00%,100.00%,100.00%,100.00%
007,150-348,3HAEUMMR7SL143684,1,NOROESTE,.,.,.,.,.,.,.,.,.,.,100%,,Ensam.Inic.,,100.00%,100.00%,100.00%,100.00%,100.00%,100.00%,100.00%,100.00%,100.00%,100.00%,100.00%,,100.00%,100.00%,100.00%,100.00%,100.00%,#REF!,100.00%,100.00%,100.00%,100.00%,100.00%
008,150-349,3HAEUMMR2SL143947,2,NOROESTE,.,.,.,.,.,.,.,.,.,.,100%,,Ensam.Inic.,,100.00%,100.00%,100.00%,100.00%,100.00%,100.00%,100.00%,100.00%,100.00%,100.00%,100.00%,,100.00%,100.00%,100.00%,100.00%,100.00%,#REF!,100.00%,100.00%,100.00%,100.00%,100.00%
009,150-350,3HAEUMMR7SL144396,3,NOROESTE,.,.,.,.,.,.,.,.,.,.,100%,,Ensam.Inic.,,100.00%,100.00%,100.00%,100.00%,100.00%,100.00%,100.00%,100.00%,100.00%,100.00%,100.00%,,100.00%,100.00%,100.00%,100.00%,100.00%,#REF!,100.00%,100.00%,100.00%,100.00%,100.00%
010,150-351,3HAEUMMR7SL144074,4,NOROESTE,.,.,.,.,.,.,.,.,.,.,93%,,Ensam.Inic.,,100.00%,100.00%,100.00%,100.00%,100.00%,100.00%,100.00%,100.00%,100.00%,100.00%,15.69%,,100.00%,100.00%,100.00%,100.00%,100.00%,#REF!,100.00%,100.00%,100.00%,100.00%,15.24%
011,150-352,3HAEUMMR4SL143254,5,NOROESTE,.,.,.,.,.,.,.,.,.,.,93%,,Ensam.Inic.,,100.00%,100.00%,100.00%,100.00%,100.00%,100.00%,100.00%,100.00%,100.00%,100.00%,15.69%,,100.00%,100.00%,100.00%,100.00%,100.00%,#REF!,100.00%,100.00%,100.00%,100.00%,15.24%
012,150-353,3HAEUMMR0SL143980,6,NOROESTE,.,.,.,.,.,.,.,.,.,.,93%,,Ensam.Inic.,,100.00%,100.00%,100.00%,100.00%,100.00%,100.00%,100.00%,100.00%,100.00%,100.00%,15.69%,,100.00%,100.00%,100.00%,100.00%,100.00%,#REF!,100.00%,100.00%,100.00%,100.00%,15.24%
013,150-354,3HAEUMMR4SL143576,7,NOROESTE,.,.,.,.,.,.,.,.,.,.,93%,,Ensam.Inic.,,100.00%,100.00%,100.00%,100.00%,100.00%,100.00%,100.00%,100.00%,100.00%,100.00%,15.69%,,100.00%,100.00%,100.00%,100.00%,100.00%,#REF!,100.00%,100.00%,100.00%,100.00%,15.24%
014,150-355,3HAEUMMR1SL144913,1,BAJA CALIFORNIA,.,.,.,.,.,.,.,.,.,.,93%,,Ensam.Inic.,,100.00%,100.00%,100.00%,100.00%,100.00%,100.00%,100.00%,100.00%,100.00%,100.00%,15.69%,,100.00%,100.00%,100.00%,100.00%,100.00%,#REF!,100.00%,100.00%,100.00%,100.00%,15.24%
015,150-356,3HAEUMMR1SL143020,2,BAJA CALIFORNIA,.,.,.,.,.,.,.,.,.,.,93%,,Ensam.Inic.,,100.00%,100.00%,100.00%,100.00%,100.00%,100.00%,100.00%,100.00%,100.00%,100.00%,15.69%,,100.00%,100.00%,100.00%,100.00%,100.00%,#REF!,100.00%,100.00%,100.00%,100.00%,15.24%
016,150-357,3HAEUMMR1SL141882,3,BAJA CALIFORNIA,.,.,.,.,.,.,.,.,.,.,93%,,Ensam.Inic.,,100.00%,100.00%,100.00%,100.00%,100.00%,100.00%,100.00%,100.00%,100.00%,100.00%,15.69%,,100.00%,100.00%,100.00%,100.00%,100.00%,#REF!,100.00%,100.00%,100.00%,100.00%,15.24%
017,150-358,3HAEUMMR9SL144898,4,BAJA CALIFORNIA,.,.,.,.,.,.,.,.,.,.,93%,,Ensam.Inic.,,100.00%,100.00%,100.00%,100.00%,100.00%,100.00%,100.00%,100.00%,100.00%,100.00%,15.69%,,100.00%,100.00%,100.00%,100.00%,100.00%,#REF!,100.00%,100.00%,100.00%,100.00%,15.24%
018,150-359,3HAEUMMR9SL144481,5,BAJA CALIFORNIA,.,.,.,.,.,.,.,.,.,.,93%,,Ensam.Inic.,,100.00%,100.00%,100.00%,100.00%,100.00%,100.00%,100.00%,100.00%,100.00%,100.00%,15.69%,,100.00%,100.00%,100.00%,100.00%,100.00%,#REF!,100.00%,100.00%,100.00%,100.00%,15.24%
019,150-360,3HAEUMMR2SL144774,6,BAJA CALIFORNIA,.,.,.,.,.,.,.,.,.,.,93%,,Ensam.Inic.,,100.00%,100.00%,100.00%,100.00%,100.00%,100.00%,100.00%,100.00%,100.00%,100.00%,15.69%,,100.00%,100.00%,100.00%,100.00%,100.00%,#REF!,100.00%,100.00%,100.00%,100.00%,15.24%
020,150-361,3HAEUMMR1SL078119,7,BAJA CALIFORNIA,.,.,.,.,.,.,.,.,.,.,93%,,Ensam.Inic.,,100.00%,100.00%,100.00%,100.00%,100.00%,100.00%,100.00%,100.00%,100.00%,100.00%,15.69%,,100.00%,100.00%,100.00%,100.00%,100.00%,#REF!,100.00%,100.00%,100.00%,100.00%,15.24%
021,150-362,3HAEUMMR0TL492090,8,BAJA CALIFORNIA,.,.,.,.,.,.,.,.,.,.,92%,,Ensam.Inic.,,100.00%,100.00%,100.00%,100.00%,100.00%,100.00%,100.00%,100.00%,100.00%,100.00%,0.00%,,100.00%,100.00%,100.00%,100.00%,100.00%,#REF!,100.00%,100.00%,100.00%,100.00%,0.00%
022,150-363,3HAEUMMR0TL493272,9,BAJA CALIFORNIA,.,.,.,.,.,.,.,.,.,.,92%,,Ensam.Inic.,,100.00%,100.00%,100.00%,100.00%,100.00%,100.00%,100.00%,100.00%,100.00%,100.00%,0.00%,,100.00%,100.00%,100.00%,100.00%,100.00%,#REF!,100.00%,100.00%,100.00%,100.00%,0.00%
023,150-364,3HAEUMMR0TL494485,1,GOLFO NORTE,.,.,.,.,.,.,.,.,.,.,92%,,Ensam.Inic.,,100.00%,100.00%,100.00%,100.00%,100.00%,100.00%,100.00%,100.00%,100.00%,100.00%,0.00%,,100.00%,100.00%,100.00%,100.00%,100.00%,#REF!,100.00%,100.00%,100.00%,100.00%,0.00%
024,150-365,3HAEUMMR1TL493409,2,GOLFO NORTE,.,.,.,.,.,.,.,.,.,.,92%,,Ensam.Inic.,,100.00%,100.00%,100.00%,100.00%,100.00%,100.00%,100.00%,100.00%,100.00%,100.00%,0.00%,,100.00%,100.00%,100.00%,100.00%,100.00%,#REF!,100.00%,100.00%,100.00%,100.00%,0.00%
025,150-366,3HAEUMMR1TL494768,3,GOLFO NORTE,.,.,.,.,.,.,.,.,.,.,92%,,Ensam.Inic.,,100.00%,100.00%,100.00%,100.00%,100.00%,100.00%,100.00%,100.00%,100.00%,100.00%,0.00%,,100.00%,100.00%,100.00%,100.00%,100.00%,#REF!,100.00%,100.00%,100.00%,100.00%,0.00%
026,150-367,3HAEUMMR3TL494593,4,GOLFO NORTE,.,.,.,.,.,.,.,.,.,,90%,,Ensam.Inic.,,100.00%,100.00%,100.00%,100.00%,100.00%,100.00%,100.00%,87.50%,100.00%,93.33%,0.00%,,100.00%,100.00%,100.00%,100.00%,100.00%,#REF!,100.00%,87.50%,100.00%,93.33%,0.00%
027,150-368,3HAEUMMR3TL494769,5,GOLFO NORTE,.,.,.,.,.,.,.,.,.,,90%,,Ensam.Inic.,,100.00%,100.00%,100.00%,100.00%,100.00%,100.00%,100.00%,87.50%,100.00%,93.33%,0.00%,,100.00%,100.00%,100.00%,100.00%,100.00%,#REF!,100.00%,87.50%,100.00%,93.33%,0.00%
028,150-369,3HAEUMMR4TL495106,6,GOLFO NORTE,.,.,.,.,.,.,.,.,.,,90%,,Ensam.Inic.,,100.00%,100.00%,100.00%,100.00%,100.00%,100.00%,100.00%,87.50%,100.00%,93.33%,0.00%,,100.00%,100.00%,100.00%,100.00%,100.00%,#REF!,100.00%,87.50%,100.00%,93.33%,0.00%
029,150-370,3HAEUMMR4TL495364,7,GOLFO NORTE,.,.,.,.,.,.,.,.,.,.,90%,,Ensam.Inic.,,100.00%,100.00%,100.00%,100.00%,100.00%,100.00%,100.00%,90.00%,100.00%,93.33%,0.00%,,100.00%,100.00%,100.00%,100.00%,100.00%,#REF!,100.00%,90.00%,100.00%,93.33%,0.00%
030,150-371,3HAEUMMR6TL495107,8,GOLFO NORTE,.,.,.,.,.,.,.,.,.,,90%,,Ensam.Inic.,,100.00%,100.00%,100.00%,100.00%,100.00%,100.00%,100.00%,87.50%,100.00%,93.33%,0.00%,,100.00%,100.00%,100.00%,100.00%,100.00%,#REF!,100.00%,87.50%,100.00%,93.33%,0.00%
031,150-372,3HAEUMMR7TL495388,9,GOLFO NORTE,.,.,.,.,.,.,.,.,.,,88%,,Ensam.Inic.,,100.00%,100.00%,96.92%,100.00%,100.00%,100.00%,100.00%,85.00%,100.00%,46.67%,0.00%,,100.00%,100.00%,87.07%,100.00%,100.00%,#REF!,100.00%,85.00%,100.00%,46.67%,0.00%
032,150-373,3HAEUMMR8TL495433,10,GOLFO NORTE,.,.,.,.,.,.,.,.,.,,87%,,Ensam.Inic.,,100.00%,100.00%,96.92%,100.00%,100.00%,100.00%,100.00%,85.00%,83.33%,33.33%,0.00%,,100.00%,100.00%,87.07%,100.00%,100.00%,#REF!,100.00%,85.00%,83.33%,33.33%,0.00%
033,150-374,3HAEUMMRXTL494753,11,GOLFO NORTE,.,.,.,.,.,.,.,.,.,,84%,,Ensam.Inic.,,100.00%,100.00%,89.23%,100.00%,100.00%,100.00%,100.00%,75.00%,83.33%,33.33%,0.00%,,100.00%,100.00%,82.76%,100.00%,100.00%,#REF!,100.00%,75.00%,83.33%,33.33%,0.00%
034,150-375,3HAEUMMRXTL494879,12,GOLFO NORTE,.,.,.,.,.,.,.,.,.,,87%,,Ensam.Inic.,,100.00%,100.00%,96.92%,100.00%,100.00%,100.00%,100.00%,82.50%,83.33%,46.67%,0.00%,,100.00%,100.00%,87.07%,100.00%,100.00%,#REF!,100.00%,82.50%,83.33%,46.67%,0.00%
035,150-376,3HAEUMMR2TL492091,13,GOLFO NORTE,.,.,.,.,.,.,.,.,.,,85%,,Ensam.Inic.,,100.00%,100.00%,96.92%,100.00%,100.00%,100.00%,100.00%,77.50%,83.33%,33.33%,0.00%,,100.00%,100.00%,87.07%,100.00%,100.00%,#REF!,100.00%,77.50%,83.33%,33.33%,0.00%
036,150-377,3HAEUMMR2TL493144,14,GOLFO NORTE,.,.,.,.,.,.,.,.,.,,83%,,Ensam.Inic.,,100.00%,100.00%,95.38%,100.00%,100.00%,100.00%,100.00%,65.00%,83.33%,33.33%,0.00%,,100.00%,100.00%,84.48%,100.00%,100.00%,#REF!,100.00%,65.00%,83.33%,33.33%,0.00%
037,150-378,3HAEUMMR3TL492620,15,GOLFO NORTE,.,.,.,.,.,.,.,.,.,,86%,,Ensam.Inic.,,100.00%,100.00%,95.38%,100.00%,100.00%,100.00%,100.00%,82.50%,83.33%,33.33%,0.00%,,100.00%,100.00%,84.48%,100.00%,100.00%,#REF!,100.00%,82.50%,83.33%,33.33%,0.00%
038,150-379,3HAEUMMR4TL492660,16,GOLFO NORTE,.,.,.,.,.,.,.,.,.,,83%,,Ensam.Inic.,,100.00%,100.00%,87.69%,100.00%,100.00%,100.00%,100.00%,80.00%,83.33%,6.67%,0.00%,,100.00%,100.00%,80.17%,100.00%,100.00%,#REF!,100.00%,80.00%,83.33%,6.67%,0.00%
039,150-380,3HAEUMMR4TL493145,17,GOLFO NORTE,.,.,.,.,.,.,.,.,.,,85%,,Ensam.Inic.,,100.00%,100.00%,95.38%,100.00%,100.00%,100.00%,100.00%,77.50%,83.33%,33.33%,0.00%,,100.00%,100.00%,84.48%,100.00%,100.00%,#REF!,100.00%,77.50%,83.33%,33.33%,0.00%
040,150-381,3HAEUMMR4TL493307,18,GOLFO NORTE,.,.,.,.,.,.,.,.,.,,85%,,Ensam.Inic.,,100.00%,100.00%,95.38%,100.00%,100.00%,100.00%,100.00%,77.50%,83.33%,33.33%,0.00%,,100.00%,100.00%,84.48%,100.00%,100.00%,#REF!,100.00%,77.50%,83.33%,33.33%,0.00%
041,150-382,3HAEUMMR5TL493106,19,GOLFO NORTE,.,.,.,.,.,.,.,,,,60%,,Ensam.Inic.,,100.00%,100.00%,92.31%,100.00%,100.00%,98.67%,0.00%,60.00%,33.33%,6.67%,0.00%,,100.00%,100.00%,47.41%,100.00%,100.00%,#REF!,0.00%,60.00%,33.33%,6.67%,0.00%
042,150-383,3HAEUMMR6TL492501,20,GOLFO NORTE,.,.,.,.,.,.,.,,,,63%,,Ensam.Inic.,,100.00%,100.00%,92.31%,100.00%,100.00%,98.67%,0.00%,67.50%,33.33%,20.00%,0.00%,,100.00%,100.00%,47.41%,100.00%,100.00%,#REF!,0.00%,67.50%,33.33%,20.00%,0.00%
043,150-384,3HAEUMMR6TL492594,21,GOLFO NORTE,.,.,.,.,.,.,,,,,58%,,Ensam.Inic.,,100.00%,100.00%,87.69%,100.00%,100.00%,98.67%,0.00%,55.00%,33.33%,6.67%,0.00%,,100.00%,100.00%,44.83%,100.00%,100.00%,#REF!,0.00%,55.00%,33.33%,6.67%,0.00%
044,150-385,3HAEUMMR7TL492216,22,GOLFO NORTE,.,.,.,.,.,.,,,,,59%,,Ensam.Inic.,,100.00%,100.00%,92.31%,100.00%,100.00%,98.67%,0.00%,55.00%,33.33%,6.67%,0.00%,,100.00%,100.00%,47.41%,100.00%,100.00%,#REF!,0.00%,55.00%,33.33%,6.67%,0.00%
045,150-386,3HAEUMMR7TL492619,23,GOLFO NORTE,.,.,.,.,.,.,,,,,58%,,Ensam.Inic.,,100.00%,100.00%,87.69%,100.00%,100.00%,98.67%,0.00%,52.50%,33.33%,6.67%,0.00%,,100.00%,100.00%,44.83%,100.00%,100.00%,#REF!,0.00%,52.50%,33.33%,6.67%,0.00%
046,150-387,3HAEUMMR7TL493107,24,GOLFO NORTE,.,.,.,.,,,,,,,36%,,Ensam.Inic.,,100.00%,100.00%,76.92%,0.00%,0.00%,0.00%,0.00%,15.00%,0.00%,0.00%,0.00%,,100.00%,100.00%,32.76%,0.00%,0.00%,#REF!,0.00%,15.00%,0.00%,0.00%,0.00%
047,150-388,3HAEUMMR8TL492595,25,GOLFO NORTE,.,.,.,.,.,.,,,,,58%,,Ensam.Inic.,,100.00%,100.00%,87.69%,100.00%,100.00%,98.67%,0.00%,55.00%,33.33%,6.67%,0.00%,,100.00%,100.00%,44.83%,100.00%,100.00%,#REF!,0.00%,55.00%,33.33%,6.67%,0.00%
048,150-389,3HAEUMMR8TL495500,26,GOLFO NORTE,.,.,.,.,.,.,,,,,58%,,Ensam.Inic.,,100.00%,100.00%,87.69%,100.00%,100.00%,98.67%,0.00%,55.00%,33.33%,6.67%,0.00%,,100.00%,100.00%,44.83%,100.00%,100.00%,#REF!,0.00%,55.00%,33.33%,6.67%,0.00%
049,150-390,3HAEUMMR9TL493271,27,GOLFO NORTE,.,.,.,.,.,.,.,,,,60%,,Ensam.Inic.,,100.00%,100.00%,87.69%,100.00%,100.00%,98.67%,0.00%,57.50%,83.33%,33.33%,0.00%,,100.00%,100.00%,44.83%,100.00%,100.00%,#REF!,0.00%,57.50%,83.33%,33.33%,0.00%
050,150-391,3HAEUMMRXTL491867,28,GOLFO NORTE,.,.,.,.,.,.,,,,,58%,,Ensam.Inic.,,100.00%,100.00%,87.69%,100.00%,100.00%,98.67%,0.00%,50.00%,33.33%,6.67%,0.00%,,100.00%,100.00%,44.83%,100.00%,100.00%,#REF!,0.00%,50.00%,33.33%,6.67%,0.00%
051,150-392,3HAEUMMR0TL493899,29,GOLFO NORTE,.,.,.,,,,,,,,20%,,Ensam.Inic.,,56.00%,39.19%,66.15%,5.26%,0.00%,1.33%,0.00%,42.50%,33.33%,6.67%,0.00%,,89.11%,1.57%,34.48%,0.00%,0.00%,#REF!,0.00%,42.50%,33.33%,6.67%,0.00%
052,150-393,3HAEUMMR1TL493412,30,GOLFO NORTE,.,.,,,,,,,,,20%,,Ensam.Inic.,,52.00%,39.19%,66.15%,5.26%,0.00%,1.33%,0.00%,42.50%,0.00%,6.67%,0.00%,,85.15%,1.57%,34.48%,0.00%,0.00%,#REF!,0.00%,42.50%,0.00%,6.67%,0.00%
053,150-394,3HAEUMMR1TL493717,31,GOLFO NORTE,.,.,,,,,,,,,19%,,Ensam.Inic.,,52.00%,39.19%,66.15%,5.26%,0.00%,1.33%,0.00%,37.50%,0.00%,6.67%,0.00%,,85.15%,1.57%,34.48%,0.00%,0.00%,#REF!,0.00%,37.50%,0.00%,6.67%,0.00%
054,150-395,3HAEUMMR1TL494107,32,GOLFO NORTE,.,.,,,,,,,,,16%,,Ensam.Inic.,,52.00%,39.19%,66.15%,5.26%,0.00%,1.33%,0.00%,5.00%,0.00%,0.00%,0.00%,,85.15%,1.57%,34.48%,0.00%,0.00%,#REF!,0.00%,5.00%,0.00%,0.00%,0.00%
055,150-396,3HAEUMMR1TL494592,33,GOLFO NORTE,.,.,,,,,,,,,16%,,Ensam.Inic.,,52.00%,39.19%,66.15%,5.26%,0.00%,1.33%,0.00%,5.00%,0.00%,0.00%,0.00%,,85.15%,1.57%,34.48%,0.00%,0.00%,#REF!,0.00%,5.00%,0.00%,0.00%,0.00%
056,150-397,3HAEUMMR2TL494262,34,GOLFO NORTE,.,.,,,,,,,,,16%,,Ensam.Inic.,,52.00%,39.19%,66.15%,5.26%,0.00%,1.33%,0.00%,5.00%,0.00%,0.00%,0.00%,,85.15%,1.57%,34.48%,0.00%,0.00%,#REF!,0.00%,5.00%,0.00%,0.00%,0.00%
057,150-398,3HAEUMMR2TL494486,35,GOLFO NORTE,.,,,,,,,,,,10%,,Ensam.Inic.,,0.00%,39.19%,4.62%,0.00%,0.00%,1.33%,0.00%,5.00%,0.00%,0.00%,0.00%,,0.00%,1.57%,2.59%,0.00%,0.00%,#REF!,0.00%,5.00%,0.00%,0.00%,0.00%
058,150-399,3HAEUMMR2TL494567,36,GOLFO NORTE,.,.,,,,,,,,,15%,,Ensam.Inic.,,52.00%,39.19%,64.62%,5.26%,0.00%,1.33%,0.00%,5.00%,0.00%,0.00%,0.00%,,85.15%,1.57%,33.62%,0.00%,0.00%,#REF!,0.00%,5.00%,0.00%,0.00%,0.00%
059,150-400,3HAEUMMR3TL494108,37,GOLFO NORTE,.,.,,,,,,,,,15%,,Ensam.Inic.,,52.00%,39.19%,61.54%,5.26%,0.00%,1.33%,0.00%,5.00%,0.00%,0.00%,0.00%,,85.15%,1.57%,33.62%,0.00%,0.00%,#REF!,0.00%,5.00%,0.00%,0.00%,0.00%
060,150-401,3HAEUMMR4TL493968,38,GOLFO NORTE,.,.,,,,,,,,,15%,,Ensam.Inic.,,52.00%,39.19%,61.54%,5.26%,0.00%,1.33%,0.00%,5.00%,0.00%,0.00%,0.00%,,85.15%,1.57%,33.62%,0.00%,0.00%,#REF!,0.00%,5.00%,0.00%,0.00%,0.00%
061,150-402,3HAEUMMR4TL494263,39,GOLFO NORTE,.,.,,,,,,,,,14%,,Ensam.Inic.,,52.00%,39.19%,38.46%,5.26%,0.00%,1.33%,0.00%,5.00%,0.00%,0.00%,0.00%,,85.15%,1.57%,29.31%,0.00%,0.00%,#REF!,0.00%,5.00%,0.00%,0.00%,0.00%
062,150-403,3HAEUMMR4TL494568,1,NORTE,.,.,,,,,,,,,14%,,Ensam.Inic.,,52.00%,39.19%,38.46%,0.00%,0.00%,1.33%,0.00%,5.00%,0.00%,0.00%,0.00%,,85.15%,1.57%,29.31%,0.00%,0.00%,#REF!,0.00%,5.00%,0.00%,0.00%,0.00%
063,150-404,3HAEUMMR6TL493308,2,NORTE,.,.,,,,,,,,,14%,,Ensam.Inic.,,52.00%,39.19%,38.46%,5.26%,0.00%,1.33%,0.00%,5.00%,0.00%,0.00%,0.00%,,85.15%,1.57%,29.31%,0.00%,0.00%,#REF!,0.00%,5.00%,0.00%,0.00%,0.00%
064,150-405,3HAEUMMR6TL493969,3,NORTE,.,.,,,,,,,,,13%,,Ensam.Inic.,,52.00%,39.19%,35.38%,0.00%,0.00%,1.33%,0.00%,5.00%,0.00%,0.00%,0.00%,,85.15%,1.57%,16.38%,0.00%,0.00%,#REF!,0.00%,5.00%,0.00%,0.00%,0.00%
065,150-406,3HAEUMMR7TL493835,4,NORTE,.,.,,,,,,,,,14%,,Ensam.Inic.,,52.00%,39.19%,38.46%,0.00%,0.00%,1.33%,0.00%,5.00%,0.00%,0.00%,0.00%,,85.15%,1.57%,29.31%,0.00%,0.00%,#REF!,0.00%,5.00%,0.00%,0.00%,0.00%
066,150-407,3HAEUMMR7TL494080,5,NORTE,.,.,,,,,,,,,13%,,Ensam.Inic.,,52.00%,39.19%,29.23%,0.00%,0.00%,1.33%,0.00%,5.00%,0.00%,0.00%,0.00%,,85.15%,1.57%,15.52%,0.00%,0.00%,#REF!,0.00%,5.00%,0.00%,0.00%,0.00%
067,150-408,3HAEUMMR7TL494533,6,NORTE,.,.,,,,,,,,,14%,,Ensam.Inic.,,52.00%,39.19%,36.92%,0.00%,0.00%,1.33%,0.00%,5.00%,0.00%,0.00%,0.00%,,85.15%,1.57%,29.31%,0.00%,0.00%,#REF!,0.00%,5.00%,0.00%,0.00%,0.00%
068,150-409,3HAEUMMR7TL494578,7,NORTE,.,.,,,,,,,,,14%,,Ensam.Inic.,,52.00%,39.19%,38.46%,0.00%,0.00%,1.33%,0.00%,5.00%,0.00%,0.00%,0.00%,,85.15%,1.57%,29.31%,0.00%,0.00%,#REF!,0.00%,5.00%,0.00%,0.00%,0.00%
069,150-410,3HAEUMMR8TL491866,8,NORTE,.,.,,,,,,,,,14%,,Ensam.Inic.,,52.00%,39.19%,38.46%,0.00%,0.00%,1.33%,0.00%,5.00%,0.00%,0.00%,0.00%,,85.15%,1.57%,29.31%,0.00%,0.00%,#REF!,0.00%,5.00%,0.00%,0.00%,0.00%
070,150-411,3HAEUMMR8TL492659,9,NORTE,.,.,,,,,,,,,13%,,Ensam.Inic.,,52.00%,39.19%,27.69%,0.00%,0.00%,1.33%,0.00%,5.00%,0.00%,0.00%,0.00%,,85.15%,1.57%,11.21%,0.00%,0.00%,#REF!,0.00%,5.00%,0.00%,0.00%,0.00%
071,150-412,3HAEUMMR8TL493990,10,NORTE,.,.,,,,,,,,,14%,,Ensam.Inic.,,52.00%,39.19%,38.46%,0.00%,0.00%,1.33%,0.00%,5.00%,0.00%,0.00%,0.00%,,85.15%,1.57%,29.31%,0.00%,0.00%,#REF!,0.00%,5.00%,0.00%,0.00%,0.00%
072,150-413,3HAEUMMR9TL493836,11,NORTE,.,.,,,,,,,,,13%,,Ensam.Inic.,,52.00%,39.19%,33.85%,0.00%,0.00%,1.33%,0.00%,5.00%,0.00%,0.00%,0.00%,,85.15%,1.57%,16.38%,0.00%,0.00%,#REF!,0.00%,5.00%,0.00%,0.00%,0.00%
073,150-414,3HAEUMMR9TL493898,1,PENINSULAR,.,.,,,,,,,,,14%,,Ensam.Inic.,,52.00%,39.19%,36.92%,0.00%,0.00%,1.33%,0.00%,5.00%,0.00%,0.00%,0.00%,,85.15%,1.57%,24.14%,0.00%,0.00%,#REF!,0.00%,5.00%,0.00%,0.00%,0.00%
074,150-415,3HAEUMMR9TL494081,2,PENINSULAR,.,.,,,,,,,,,14%,,Ensam.Inic.,,52.00%,39.19%,30.77%,0.00%,0.00%,1.33%,0.00%,5.00%,0.00%,0.00%,0.00%,,85.15%,1.57%,24.14%,0.00%,0.00%,#REF!,0.00%,5.00%,0.00%,0.00%,0.00%
075,150-416,3HAEUMMR9TL494534,3,PENINSULAR,.,.,,,,,,,,,14%,,Ensam.Inic.,,52.00%,39.19%,30.77%,0.00%,0.00%,1.33%,0.00%,5.00%,0.00%,0.00%,0.00%,,85.15%,1.57%,24.14%,0.00%,0.00%,#REF!,0.00%,5.00%,0.00%,0.00%,0.00%
076,150-417,3HAEUMMR9TL494579,4,PENINSULAR,.,.,,,,,,,,,11%,,Ensam.Inic.,,52.00%,27.03%,20.00%,0.00%,0.00%,1.33%,0.00%,5.00%,0.00%,0.00%,0.00%,,85.15%,1.25%,16.38%,0.00%,0.00%,#REF!,0.00%,5.00%,0.00%,0.00%,0.00%
077,150-418,3HAEUMMRXTL493408,5,PENINSULAR,.,.,,,,,,,,,11%,,Ensam.Inic.,,52.00%,27.03%,24.62%,0.00%,0.00%,1.33%,0.00%,5.00%,0.00%,0.00%,0.00%,,85.15%,1.25%,24.14%,0.00%,0.00%,#REF!,0.00%,5.00%,0.00%,0.00%,0.00%
078,150-419,3HAEUMMRXTL493411,6,PENINSULAR,.,.,,,,,,,,,11%,,Ensam.Inic.,,52.00%,27.03%,20.00%,0.00%,0.00%,1.33%,0.00%,5.00%,0.00%,0.00%,0.00%,,85.15%,1.25%,16.38%,0.00%,0.00%,#REF!,0.00%,5.00%,0.00%,0.00%,0.00%
079,150-420,3HAEUMMRXTL493716,1,GOLFO CENTRO,.,.,,,,,,,,,11%,,Ensam.Inic.,,52.00%,27.03%,20.00%,0.00%,0.00%,1.33%,0.00%,5.00%,0.00%,0.00%,0.00%,,85.15%,1.25%,16.38%,0.00%,0.00%,#REF!,0.00%,5.00%,0.00%,0.00%,0.00%
080,150-421,3HAEUMMRXTL493991,2,GOLFO CENTRO,.,.,,,,,,,,,11%,,Ensam.Inic.,,52.00%,27.03%,23.08%,0.00%,0.00%,1.33%,0.00%,5.00%,0.00%,0.00%,0.00%,,85.15%,1.25%,24.14%,0.00%,0.00%,#REF!,0.00%,5.00%,0.00%,0.00%,0.00%
081,150-422,3HAEUMMR0TL490923,3,GOLFO CENTRO,.,.,,,,,,,,,10%,,Ensam.Inic.,,52.00%,22.30%,20.00%,0.00%,0.00%,1.33%,0.00%,5.00%,0.00%,0.00%,0.00%,,85.15%,1.03%,16.38%,0.00%,0.00%,#REF!,0.00%,5.00%,0.00%,0.00%,0.00%
082,150-423,3HAEUMMR0TL492283,4,GOLFO CENTRO,.,.,,,,,,,,,10%,,Ensam.Inic.,,52.00%,22.30%,20.00%,0.00%,0.00%,1.33%,0.00%,5.00%,0.00%,0.00%,0.00%,,85.15%,1.03%,16.38%,0.00%,0.00%,#REF!,0.00%,5.00%,0.00%,0.00%,0.00%
083,150-424,3HAEUMMR1TL491028,5,GOLFO CENTRO,.,.,,,,,,,,,10%,,Ensam.Inic.,,52.00%,22.30%,20.00%,0.00%,0.00%,1.33%,0.00%,5.00%,0.00%,0.00%,0.00%,,85.15%,1.03%,16.38%,0.00%,0.00%,#REF!,0.00%,5.00%,0.00%,0.00%,0.00%
084,150-425,3HAEUMMR1TL491434,6,GOLFO CENTRO,.,,,,,,,,,,9%,,Ensam.Inic.,,24.00%,22.30%,23.08%,0.00%,0.00%,1.33%,0.00%,5.00%,0.00%,0.00%,0.00%,,0.00%,1.03%,24.14%,0.00%,0.00%,#REF!,0.00%,5.00%,0.00%,0.00%,0.00%
085,150-426,3HAEUMMR2TL490924,1,BAJIO,.,,,,,,,,,,9%,,Ensam.Inic.,,24.00%,22.30%,23.08%,0.00%,0.00%,1.33%,0.00%,5.00%,0.00%,0.00%,0.00%,,0.00%,1.03%,24.14%,0.00%,0.00%,#REF!,0.00%,5.00%,0.00%,0.00%,0.00%
086,150-427,3HAEUMMR2TL491037,2,BAJIO,.,,,,,,,,,,7%,,Ensam.Inic.,,24.00%,22.30%,10.77%,0.00%,0.00%,1.33%,0.00%,2.50%,0.00%,0.00%,0.00%,,0.00%,1.03%,2.59%,0.00%,0.00%,#REF!,0.00%,2.50%,0.00%,0.00%,0.00%
087,150-428,3HAEUMMR2TL491815,1,CENTRO OCCIDENTE,.,,,,,,,,,,8%,,Ensam.Inic.,,24.00%,22.30%,20.00%,0.00%,0.00%,1.33%,0.00%,2.50%,0.00%,0.00%,0.00%,,0.00%,1.03%,16.38%,0.00%,0.00%,#REF!,0.00%,2.50%,0.00%,0.00%,0.00%
088,150-429,3HAEUMMR3TL491015,2,CENTRO OCCIDENTE,.,,,,,,,,,,8%,,Ensam.Inic.,,20.00%,22.30%,20.00%,0.00%,0.00%,1.33%,0.00%,2.50%,0.00%,0.00%,0.00%,,0.00%,1.03%,16.38%,0.00%,0.00%,#REF!,0.00%,2.50%,0.00%,0.00%,0.00%
089,150-430,3HAEUMMR4TL490827,3,CENTRO OCCIDENTE,.,,,,,,,,,,8%,,Ensam.Inic.,,20.00%,22.30%,20.00%,0.00%,0.00%,1.33%,0.00%,2.50%,0.00%,0.00%,0.00%,,0.00%,1.03%,16.38%,0.00%,0.00%,#REF!,0.00%,2.50%,0.00%,0.00%,0.00%
090,150-431,3HAEUMMR4TL492500,4,CENTRO OCCIDENTE,.,,,,,,,,,,8%,,Ensam.Inic.,,20.00%,22.30%,20.00%,0.00%,0.00%,1.33%,0.00%,2.50%,0.00%,0.00%,0.00%,,0.00%,1.03%,16.38%,0.00%,0.00%,#REF!,0.00%,2.50%,0.00%,0.00%,0.00%
091,150-432,3HAEUMMR5TL491016,5,CENTRO OCCIDENTE,.,,,,,,,,,,8%,,Ensam.Inic.,,20.00%,22.30%,20.00%,0.00%,0.00%,1.33%,0.00%,0.00%,0.00%,0.00%,0.00%,,0.00%,1.03%,16.38%,0.00%,0.00%,#REF!,0.00%,0.00%,0.00%,0.00%,0.00%
092,150-433,3HAEUMMR6TL490828,6,CENTRO OCCIDENTE,.,,,,,,,,,,8%,,Ensam.Inic.,,20.00%,22.30%,20.00%,0.00%,0.00%,1.33%,0.00%,0.00%,0.00%,0.00%,0.00%,,0.00%,1.03%,16.38%,0.00%,0.00%,#REF!,0.00%,0.00%,0.00%,0.00%,0.00%
093,150-434,3HAEUMMR7TL491020,7,CENTRO OCCIDENTE,.,,,,,,,,,,8%,,Ensam.Inic.,,20.00%,22.30%,20.00%,0.00%,0.00%,1.33%,0.00%,0.00%,0.00%,0.00%,0.00%,,0.00%,1.03%,16.38%,0.00%,0.00%,#REF!,0.00%,0.00%,0.00%,0.00%,0.00%
094,150-435,3HAEUMMR7TL492152,8,CENTRO OCCIDENTE,.,,,,,,,,,,8%,,Ensam.Inic.,,20.00%,22.30%,13.85%,0.00%,0.00%,1.33%,0.00%,0.00%,0.00%,0.00%,0.00%,,0.00%,1.03%,11.21%,0.00%,0.00%,#REF!,0.00%,0.00%,0.00%,0.00%,0.00%
095,150-436,3HAEUMMR8TL491687,9,CENTRO OCCIDENTE,.,,,,,,,,,,5%,,Ensam.Inic.,,20.00%,22.30%,0.00%,0.00%,0.00%,1.33%,0.00%,0.00%,0.00%,0.00%,0.00%,,0.00%,1.03%,0.00%,0.00%,0.00%,#REF!,0.00%,0.00%,0.00%,0.00%,0.00%
096,150-437,3HAEUMMR9TL491021,1,CENTRO ORIENTE,.,,,,,,,,,,8%,,Ensam.Inic.,,20.00%,22.30%,13.85%,0.00%,0.00%,1.33%,0.00%,0.00%,0.00%,0.00%,0.00%,,0.00%,1.03%,11.21%,0.00%,0.00%,#REF!,0.00%,0.00%,0.00%,0.00%,0.00%
097,150-438,3HAEUMMR9TL492153,2,CENTRO ORIENTE,.,,,,,,,,,,8%,,Ensam.Inic.,,20.00%,22.30%,20.00%,0.00%,0.00%,1.33%,0.00%,0.00%,0.00%,0.00%,0.00%,,0.00%,1.03%,16.38%,0.00%,0.00%,#REF!,0.00%,0.00%,0.00%,0.00%,0.00%
098,150-439,3HAEUMMR9TL492217,3,CENTRO ORIENTE,.,,,,,,,,,,7%,,Ensam.Inic.,,20.00%,22.30%,15.38%,0.00%,0.00%,1.33%,0.00%,0.00%,0.00%,0.00%,0.00%,,0.00%,1.03%,13.79%,0.00%,0.00%,#REF!,0.00%,0.00%,0.00%,0.00%,0.00%
099,150-440,3HAEUMMR9TL492282,4,CENTRO ORIENTE,.,,,,,,,,,,7%,,Ensam.Inic.,,0.00%,22.30%,15.38%,0.00%,0.00%,1.33%,0.00%,0.00%,0.00%,0.00%,0.00%,,0.00%,1.03%,13.79%,0.00%,0.00%,#REF!,0.00%,0.00%,0.00%,0.00%,0.00%
100,150-441,3HAEUMMRXTL491433,5,CENTRO ORIENTE,.,,,,,,,,,,7%,,Ensam.Inic.,,0.00%,22.30%,15.38%,0.00%,0.00%,1.33%,0.00%,0.00%,0.00%,0.00%,0.00%,,0.00%,1.03%,13.79%,0.00%,0.00%,#REF!,0.00%,0.00%,0.00%,0.00%,0.00%
101,150-442,3HAEUMMR2TL495363,6,CENTRO ORIENTE,.,,,,,,,,,,5%,,,,0.00%,22.30%,0.00%,0.00%,0.00%,1.33%,0.00%,0.00%,0.00%,0.00%,0.00%,,0.00%,1.03%,0.00%,0.00%,0.00%,#REF!,0.00%,0.00%,0.00%,0.00%,0.00%
102,150-443,3HAEUMMR0TL495734,7,CENTRO ORIENTE,.,,,,,,,,,,8%,,Ensam.Inic.,,0.00%,22.30%,20.00%,0.00%,0.00%,1.33%,0.00%,0.00%,0.00%,0.00%,0.00%,,0.00%,1.03%,16.38%,0.00%,0.00%,#REF!,0.00%,0.00%,0.00%,0.00%,0.00%
103,150-444,3HAEUMMR6TL495432,8,CENTRO ORIENTE,.,,,,,,,,,,5%,,,,0.00%,22.30%,0.00%,0.00%,0.00%,1.33%,0.00%,0.00%,0.00%,0.00%,0.00%,,0.00%,1.03%,0.00%,0.00%,0.00%,#REF!,0.00%,0.00%,0.00%,0.00%,0.00%
104,150-445,3HAEUMMR5TL495499,9,CENTRO ORIENTE,.,,,,,,,,,,5%,,,,0.00%,22.30%,0.00%,0.00%,0.00%,1.33%,0.00%,0.00%,0.00%,0.00%,0.00%,,0.00%,1.03%,0.00%,0.00%,0.00%,#REF!,0.00%,0.00%,0.00%,0.00%,0.00%
105,150-446,3HAEUMMR2TL495198,10,CENTRO ORIENTE,.,,,,,,,,,,5%,,,,0.00%,22.30%,0.00%,0.00%,0.00%,1.33%,0.00%,0.00%,0.00%,0.00%,0.00%,,0.00%,1.03%,0.00%,0.00%,0.00%,#REF!,0.00%,0.00%,0.00%,0.00%,0.00%
106,150-447,3HAEUMMR4TL505200,11,CENTRO ORIENTE,.,,,,,,,,,,4%,,,,0.00%,18.24%,0.00%,0.00%,0.00%,1.33%,0.00%,0.00%,0.00%,0.00%,0.00%,,0.00%,0.63%,0.00%,0.00%,0.00%,#REF!,0.00%,0.00%,0.00%,0.00%,0.00%
107,150-448,3HAEUMMRXTL505251,12,CENTRO ORIENTE,.,,,,,,,,,,4%,,,,0.00%,18.24%,0.00%,0.00%,0.00%,1.33%,0.00%,0.00%,0.00%,0.00%,0.00%,,0.00%,0.63%,0.00%,0.00%,0.00%,#REF!,0.00%,0.00%,0.00%,0.00%,0.00%
108,150-449,3HAEUMMR9TL504768,13,CENTRO ORIENTE,.,,,,,,,,,,4%,,,,0.00%,18.24%,0.00%,0.00%,0.00%,1.33%,0.00%,0.00%,0.00%,0.00%,0.00%,,0.00%,0.63%,0.00%,0.00%,0.00%,#REF!,0.00%,0.00%,0.00%,0.00%,0.00%
109,150-450,3HAEUMMR9TL503474,14,CENTRO ORIENTE,.,,,,,,,,,,4%,,,,0.00%,18.24%,0.00%,0.00%,0.00%,1.33%,0.00%,0.00%,0.00%,0.00%,0.00%,,0.00%,0.63%,0.00%,0.00%,0.00%,#REF!,0.00%,0.00%,0.00%,0.00%,0.00%
110,150-451,3HAEUMMR8TL505250,15,CENTRO ORIENTE,.,,,,,,,,,,7%,,Ensam.Inic.,,0.00%,18.24%,13.85%,0.00%,0.00%,1.33%,0.00%,0.00%,0.00%,0.00%,0.00%,,0.00%,0.63%,11.21%,0.00%,0.00%,#REF!,0.00%,0.00%,0.00%,0.00%,0.00%
111,150-452,3HAEUMMR8TL504776,16,CENTRO ORIENTE,.,,,,,,,,,,7%,,Ensam.Inic.,,0.00%,18.24%,13.85%,0.00%,0.00%,1.33%,0.00%,0.00%,0.00%,0.00%,0.00%,,0.00%,0.63%,11.21%,0.00%,0.00%,#REF!,0.00%,0.00%,0.00%,0.00%,0.00%
112,150-453,3HAEUMMR8TL503479,17,CENTRO ORIENTE,.,,,,,,,,,,7%,,Ensam.Inic.,,0.00%,14.19%,13.85%,0.00%,0.00%,1.33%,0.00%,0.00%,0.00%,0.00%,0.00%,,0.00%,0.63%,11.21%,0.00%,0.00%,#REF!,0.00%,0.00%,0.00%,0.00%,0.00%
113,150-454,3HAEUMMR4TL505259,18,CENTRO ORIENTE,.,,,,,,,,,,7%,,Ensam.Inic.,,0.00%,14.19%,13.85%,0.00%,0.00%,1.33%,0.00%,0.00%,0.00%,0.00%,0.00%,,0.00%,0.63%,11.21%,0.00%,0.00%,#REF!,0.00%,0.00%,0.00%,0.00%,0.00%
114,150-455,3HAEUMMR4TL503480,19,CENTRO ORIENTE,.,,,,,,,,,,7%,,Ensam.Inic.,,0.00%,14.19%,13.85%,0.00%,0.00%,1.33%,0.00%,0.00%,0.00%,0.00%,0.00%,,0.00%,0.63%,11.21%,0.00%,0.00%,#REF!,0.00%,0.00%,0.00%,0.00%,0.00%
115,150-456,3HAEUMMR1TL505199,20,CENTRO ORIENTE,.,,,,,,,,,,5%,,Ensam.Inic.,,0.00%,14.19%,9.23%,0.00%,0.00%,1.33%,0.00%,0.00%,0.00%,0.00%,0.00%,,0.00%,0.63%,8.62%,0.00%,0.00%,#REF!,0.00%,0.00%,0.00%,0.00%,0.00%
116,150-457,3HAEUMMR0TL505288,21,CENTRO ORIENTE,.,,,,,,,,,,5%,,Ensam.Inic.,,0.00%,14.19%,9.23%,0.00%,0.00%,1.33%,0.00%,0.00%,0.00%,0.00%,0.00%,,0.00%,0.63%,8.62%,0.00%,0.00%,#REF!,0.00%,0.00%,0.00%,0.00%,0.00%
117,150-458,3HAEUMMR0TL503475,1,CENTRO SUR,.,,,,,,,,,,6%,,Ensam.Inic.,,0.00%,14.19%,15.38%,0.00%,0.00%,1.33%,0.00%,0.00%,0.00%,0.00%,0.00%,,0.00%,0.63%,13.79%,0.00%,0.00%,#REF!,0.00%,0.00%,0.00%,0.00%,0.00%
118,150-459,3HAEUMMRXTL504777,2,CENTRO SUR,.,,,,,,,,,,7%,,Ensam.Inic.,,0.00%,14.19%,13.85%,0.00%,0.00%,1.33%,0.00%,0.00%,0.00%,0.00%,0.00%,,0.00%,0.63%,11.21%,0.00%,0.00%,#REF!,0.00%,0.00%,0.00%,0.00%,0.00%
119,150-460,3HAEUMMR0TL505260,3,CENTRO SUR,.,,,,,,,,,,5%,,Ensam.Inic.,,0.00%,14.19%,9.23%,0.00%,0.00%,1.33%,0.00%,0.00%,0.00%,0.00%,0.00%,,0.00%,0.63%,8.62%,0.00%,0.00%,#REF!,0.00%,0.00%,0.00%,0.00%,0.00%
120,150-461,3HAEUMMR0TL504769,4,CENTRO SUR,.,,,,,,,,,,5%,,Ensam.Inic.,,0.00%,14.19%,3.08%,0.00%,0.00%,1.33%,0.00%,0.00%,0.00%,0.00%,0.00%,,0.00%,0.63%,1.72%,0.00%,0.00%,#REF!,0.00%,0.00%,0.00%,0.00%,0.00%
121,150-462,3HAEUMMR7TL502338,5,CENTRO SUR,.,,,,,,,,,,4%,,,,0.00%,14.19%,0.00%,0.00%,0.00%,1.33%,0.00%,0.00%,0.00%,0.00%,0.00%,,0.00%,0.63%,0.00%,0.00%,0.00%,#REF!,0.00%,0.00%,0.00%,0.00%,0.00%
122,150-463,3HAEUMMR3TL502627,6,CENTRO SUR,.,,,,,,,,,,5%,,Ensam.Inic.,,0.00%,14.19%,3.08%,0.00%,0.00%,1.33%,0.00%,0.00%,0.00%,0.00%,0.00%,,0.00%,0.63%,1.72%,0.00%,0.00%,#REF!,0.00%,0.00%,0.00%,0.00%,0.00%
123,150-464,3HAEUMMR5TL495759,7,CENTRO SUR,.,,,,,,,,,,4%,,,,0.00%,14.19%,0.00%,0.00%,0.00%,1.33%,0.00%,0.00%,0.00%,0.00%,0.00%,,0.00%,0.63%,0.00%,0.00%,0.00%,#REF!,0.00%,0.00%,0.00%,0.00%,0.00%
124,150-465,3HAEUMMR3TL495758,8,CENTRO SUR,.,,,,,,,,,,4%,,,,0.00%,14.19%,0.00%,0.00%,0.00%,1.33%,0.00%,0.00%,0.00%,0.00%,0.00%,,0.00%,0.63%,0.00%,0.00%,0.00%,#REF!,0.00%,0.00%,0.00%,0.00%,0.00%
125,150-466,3HAEUMMR2TL495735,9,CENTRO SUR,.,,,,,,,,,,4%,,,,0.00%,14.19%,0.00%,0.00%,0.00%,1.33%,0.00%,0.00%,0.00%,0.00%,0.00%,,0.00%,0.63%,0.00%,0.00%,0.00%,#REF!,0.00%,0.00%,0.00%,0.00%,0.00%
126,150-467,3HAEUMMR0TL495801,1,ORIENTE,.,,,,,,,,,,4%,,,,0.00%,14.19%,0.00%,0.00%,0.00%,1.33%,0.00%,0.00%,0.00%,0.00%,0.00%,,0.00%,0.63%,0.00%,0.00%,0.00%,#REF!,0.00%,0.00%,0.00%,0.00%,0.00%
127,150-468,3HAEUMMR5TL501396,2,ORIENTE,.,,,,,,,,,,4%,,,,0.00%,14.19%,0.00%,0.00%,0.00%,1.33%,0.00%,0.00%,0.00%,0.00%,0.00%,,0.00%,0.63%,0.00%,0.00%,0.00%,#REF!,0.00%,0.00%,0.00%,0.00%,0.00%
128,150-469,3HAEUMMR4TL488656,3,ORIENTE,.,,,,,,,,,,4%,,,,0.00%,14.19%,0.00%,0.00%,0.00%,1.33%,0.00%,0.00%,0.00%,0.00%,0.00%,,0.00%,0.63%,0.00%,0.00%,0.00%,#REF!,0.00%,0.00%,0.00%,0.00%,0.00%
129,150-470,3HAEUMMRXTL488788,4,ORIENTE,.,,,,,,,,,,4%,,,,0.00%,14.19%,0.00%,0.00%,0.00%,1.33%,0.00%,0.00%,0.00%,0.00%,0.00%,,0.00%,0.63%,0.00%,0.00%,0.00%,#REF!,0.00%,0.00%,0.00%,0.00%,0.00%
130,150-471,3HAEUMMR8TL488787,5,ORIENTE,.,,,,,,,,,,4%,,,,0.00%,14.19%,0.00%,0.00%,0.00%,1.33%,0.00%,0.00%,0.00%,0.00%,0.00%,,0.00%,0.63%,0.00%,0.00%,0.00%,#REF!,0.00%,0.00%,0.00%,0.00%,0.00%
131,150-472,3HAEUMMRXTL489357,6,ORIENTE,.,,,,,,,,,,5%,,Ensam.Inic.,,0.00%,14.19%,3.08%,0.00%,0.00%,1.33%,0.00%,0.00%,0.00%,0.00%,0.00%,,0.00%,0.63%,1.72%,0.00%,0.00%,#REF!,0.00%,0.00%,0.00%,0.00%,0.00%
132,150-473,3HAEUMMR8TL489356,1,DVMS,.,,,,,,,,,,4%,,,,0.00%,14.19%,0.00%,0.00%,0.00%,1.33%,0.00%,0.00%,0.00%,0.00%,0.00%,,0.00%,0.63%,0.00%,0.00%,0.00%,#REF!,0.00%,0.00%,0.00%,0.00%,0.00%
133,150-474,3HAEUMMR6TL489145,2,DVMS,.,,,,,,,,,,4%,,,,0.00%,14.19%,0.00%,0.00%,0.00%,1.33%,0.00%,0.00%,0.00%,0.00%,0.00%,,0.00%,0.63%,0.00%,0.00%,0.00%,#REF!,0.00%,0.00%,0.00%,0.00%,0.00%
134,150-475,3HAEUMMR6TL489114,3,DVMS,.,,,,,,,,,,4%,,,,0.00%,14.19%,0.00%,0.00%,0.00%,1.33%,0.00%,0.00%,0.00%,0.00%,0.00%,,0.00%,0.63%,0.00%,0.00%,0.00%,#REF!,0.00%,0.00%,0.00%,0.00%,0.00%
135,150-476,3HAEUMMR6TL488769,4,DVMS,.,,,,,,,,,,4%,,,,0.00%,14.19%,0.00%,0.00%,0.00%,1.33%,0.00%,0.00%,0.00%,0.00%,0.00%,,0.00%,0.63%,0.00%,0.00%,0.00%,#REF!,0.00%,0.00%,0.00%,0.00%,0.00%
136,150-477,3HAEUMMR4TL489175,5,DVMS,.,,,,,,,,,,5%,,Ensam.Inic.,,0.00%,14.19%,3.08%,0.00%,0.00%,1.33%,0.00%,0.00%,0.00%,0.00%,0.00%,,0.00%,0.63%,1.72%,0.00%,0.00%,#REF!,0.00%,0.00%,0.00%,0.00%,0.00%
137,150-478,3HAEUMMR4TL489113,6,DVMS,.,,,,,,,,,,4%,,,,0.00%,14.19%,0.00%,0.00%,0.00%,1.33%,0.00%,0.00%,0.00%,0.00%,0.00%,,0.00%,0.63%,0.00%,0.00%,0.00%,#REF!,0.00%,0.00%,0.00%,0.00%,0.00%
138,150-479,3HAEUMMR0TL488637,7,DVMS,.,,,,,,,,,,4%,,,,0.00%,14.19%,0.00%,0.00%,0.00%,1.33%,0.00%,0.00%,0.00%,0.00%,0.00%,,0.00%,0.63%,0.00%,0.00%,0.00%,#REF!,0.00%,0.00%,0.00%,0.00%,0.00%
139,150-480,3HAEUMMR9TL488765,8,DVMS,.,,,,,,,,,,4%,,,,0.00%,14.19%,0.00%,0.00%,0.00%,1.33%,0.00%,0.00%,0.00%,0.00%,0.00%,,0.00%,0.63%,0.00%,0.00%,0.00%,#REF!,0.00%,0.00%,0.00%,0.00%,0.00%
140,150-481,3HAEUMMR9TL488636,9,DVMS,.,,,,,,,,,,4%,,,,0.00%,14.19%,0.00%,0.00%,0.00%,1.33%,0.00%,0.00%,0.00%,0.00%,0.00%,,0.00%,0.63%,0.00%,0.00%,0.00%,#REF!,0.00%,0.00%,0.00%,0.00%,0.00%
141,150-482,3HAEUMMR8TL488725,10,DVMS,.,,,,,,,,,,4%,,,,0.00%,14.19%,0.00%,0.00%,0.00%,1.33%,0.00%,0.00%,0.00%,0.00%,0.00%,,0.00%,0.63%,0.00%,0.00%,0.00%,#REF!,0.00%,0.00%,0.00%,0.00%,0.00%
142,150-483,3HAEUMMR8TL488482,11,DVMS,.,,,,,,,,,,4%,,,,0.00%,14.19%,0.00%,0.00%,0.00%,1.33%,0.00%,0.00%,0.00%,0.00%,0.00%,,0.00%,0.63%,0.00%,0.00%,0.00%,#REF!,0.00%,0.00%,0.00%,0.00%,0.00%
143,150-484,3HAEUMMR7TL488764,12,DVMS,.,,,,,,,,,,4%,,,,0.00%,14.19%,0.00%,0.00%,0.00%,1.33%,0.00%,0.00%,0.00%,0.00%,0.00%,,0.00%,0.63%,0.00%,0.00%,0.00%,#REF!,0.00%,0.00%,0.00%,0.00%,0.00%
144,150-485,3HAEUMMR6TL488724,13,DVMS,.,,,,,,,,,,4%,,,,0.00%,14.19%,0.00%,0.00%,0.00%,1.33%,0.00%,0.00%,0.00%,0.00%,0.00%,,0.00%,0.63%,0.00%,0.00%,0.00%,#REF!,0.00%,0.00%,0.00%,0.00%,0.00%
145,150-486,3HAEUMMR3TL488762,14,DVMS,.,,,,,,,,,,4%,,,,0.00%,14.19%,0.00%,0.00%,0.00%,1.33%,0.00%,0.00%,0.00%,0.00%,0.00%,,0.00%,0.63%,0.00%,0.00%,0.00%,#REF!,0.00%,0.00%,0.00%,0.00%,0.00%
146,150-487,3HAEUMMR2TL488655,15,DVMS,.,,,,,,,,,,4%,,,,0.00%,12.16%,0.00%,0.00%,0.00%,1.33%,0.00%,0.00%,0.00%,0.00%,0.00%,,0.00%,0.57%,0.00%,0.00%,0.00%,#REF!,0.00%,0.00%,0.00%,0.00%,0.00%
147,150-488,3HAEUMMR1TL488761,16,DVMS,.,,,,,,,,,,4%,,,,0.00%,12.16%,0.00%,0.00%,0.00%,1.33%,0.00%,0.00%,0.00%,0.00%,0.00%,,0.00%,0.57%,0.00%,0.00%,0.00%,#REF!,0.00%,0.00%,0.00%,0.00%,0.00%
148,150-489,3HAEUMMR9TL489821,17,DVMS,.,,,,,,,,,,4%,,,,0.00%,12.16%,0.00%,0.00%,0.00%,1.33%,0.00%,0.00%,0.00%,0.00%,0.00%,,0.00%,0.57%,0.00%,0.00%,0.00%,#REF!,0.00%,0.00%,0.00%,0.00%,0.00%
149,150-490,3HAEUMMR9TL489673,18,DVMS,.,,,,,,,,,,4%,,,,0.00%,12.16%,0.00%,0.00%,0.00%,1.33%,0.00%,0.00%,0.00%,0.00%,0.00%,,0.00%,0.57%,0.00%,0.00%,0.00%,#REF!,0.00%,0.00%,0.00%,0.00%,0.00%
150,150-491,3HAEUMMR7TL489672,19,DVMS,.,,,,,,,,,,4%,,,,0.00%,12.16%,0.00%,0.00%,0.00%,1.33%,0.00%,0.00%,0.00%,0.00%,0.00%,,0.00%,0.57%,0.00%,0.00%,0.00%,#REF!,0.00%,0.00%,0.00%,0.00%,0.00%
151,150-492,3HAEUMMR5TL489668,20,DVMS,.,,,,,,,,,,4%,,Ensam.Inic.,,0.00%,12.16%,3.08%,0.00%,0.00%,0.00%,0.00%,0.00%,0.00%,0.00%,0.00%,,0.00%,0.57%,1.72%,0.00%,0.00%,#REF!,0.00%,0.00%,0.00%,0.00%,0.00%
152,150-493,3HAEUMMR4TL489709,21,DVMS,.,,,,,,,,,,4%,,Ensam.Inic.,,0.00%,12.16%,3.08%,0.00%,0.00%,0.00%,0.00%,0.00%,0.00%,0.00%,0.00%,,0.00%,0.57%,1.72%,0.00%,0.00%,#REF!,0.00%,0.00%,0.00%,0.00%,0.00%
153,150-494,3HAEUMMR3TL489667,22,DVMS,.,,,,,,,,,,3%,,,,0.00%,12.16%,0.00%,0.00%,0.00%,0.00%,0.00%,0.00%,0.00%,0.00%,0.00%,,0.00%,0.57%,0.00%,0.00%,0.00%,#REF!,0.00%,0.00%,0.00%,0.00%,0.00%
154,150-495,3HAEUMMR0TL489822,23,DVMS,.,,,,,,,,,,3%,,,,0.00%,12.16%,0.00%,0.00%,0.00%,0.00%,0.00%,0.00%,0.00%,0.00%,0.00%,,0.00%,0.57%,0.00%,0.00%,0.00%,#REF!,0.00%,0.00%,0.00%,0.00%,0.00%
155,150-496,3HAEUMMR0TL489710,24,DVMS,.,,,,,,,,,,3%,,,,0.00%,12.16%,0.00%,0.00%,0.00%,0.00%,0.00%,0.00%,0.00%,0.00%,0.00%,,0.00%,0.57%,0.00%,0.00%,0.00%,#REF!,0.00%,0.00%,0.00%,0.00%,0.00%
156,150-497,3HAEUMMR8TL489664,25,DVMS,.,,,,,,,,,,3%,,,,0.00%,12.16%,0.00%,0.00%,0.00%,0.00%,0.00%,0.00%,0.00%,0.00%,0.00%,,0.00%,0.57%,0.00%,0.00%,0.00%,#REF!,0.00%,0.00%,0.00%,0.00%,0.00%
157,150-498,3HAEUMMR6TL489663,26,DVMS,.,,,,,,,,,,3%,,,,0.00%,12.16%,0.00%,0.00%,0.00%,0.00%,0.00%,0.00%,0.00%,0.00%,0.00%,,0.00%,0.57%,0.00%,0.00%,0.00%,#REF!,0.00%,0.00%,0.00%,0.00%,0.00%
158,150-499,3HAEUMMRXTL490069,27,DVMS,.,,,,,,,,,,3%,,,,0.00%,12.16%,0.00%,0.00%,0.00%,0.00%,0.00%,0.00%,0.00%,0.00%,0.00%,,0.00%,0.57%,0.00%,0.00%,0.00%,#REF!,0.00%,0.00%,0.00%,0.00%,0.00%
159,150-500,3HAEUMMRXTL488807,28,DVMS,.,,,,,,,,,,3%,,,,0.00%,12.16%,0.00%,0.00%,0.00%,0.00%,0.00%,0.00%,0.00%,0.00%,0.00%,,0.00%,0.57%,0.00%,0.00%,0.00%,#REF!,0.00%,0.00%,0.00%,0.00%,0.00%
160,150-501,3HAEUMMR9TL490127,1,DVMC,.,,,,,,,,,,3%,,,,0.00%,12.16%,0.00%,0.00%,0.00%,0.00%,0.00%,0.00%,0.00%,0.00%,0.00%,,0.00%,0.57%,0.00%,0.00%,0.00%,#REF!,0.00%,0.00%,0.00%,0.00%,0.00%
161,150-502,3HAEUMMR7TL490126,2,DVMC,.,,,,,,,,,,3%,,,,0.00%,12.16%,0.00%,0.00%,0.00%,0.00%,0.00%,0.00%,0.00%,0.00%,0.00%,,0.00%,0.57%,0.00%,0.00%,0.00%,#REF!,0.00%,0.00%,0.00%,0.00%,0.00%
162,150-503,3HAEUMMR6TL490277,3,DVMC,.,,,,,,,,,,3%,,,,0.00%,12.16%,0.00%,0.00%,0.00%,0.00%,0.00%,0.00%,0.00%,0.00%,0.00%,,0.00%,0.57%,0.00%,0.00%,0.00%,#REF!,0.00%,0.00%,0.00%,0.00%,0.00%
163,150-504,3HAEUMMR6TL490070,4,DVMC,.,,,,,,,,,,3%,,,,0.00%,12.16%,0.00%,0.00%,0.00%,0.00%,0.00%,0.00%,0.00%,0.00%,0.00%,,0.00%,0.57%,0.00%,0.00%,0.00%,#REF!,0.00%,0.00%,0.00%,0.00%,0.00%
164,150-505,3HAEUMMR3TL489832,5,DVMC,.,,,,,,,,,,3%,,,,0.00%,12.16%,0.00%,0.00%,0.00%,0.00%,0.00%,0.00%,0.00%,0.00%,0.00%,,0.00%,0.57%,0.00%,0.00%,0.00%,#REF!,0.00%,0.00%,0.00%,0.00%,0.00%
165,150-506,3HAEUMMR3TL489524,6,DVMC,.,,,,,,,,,,3%,,,,0.00%,12.16%,0.00%,0.00%,0.00%,0.00%,0.00%,0.00%,0.00%,0.00%,0.00%,,0.00%,0.57%,0.00%,0.00%,0.00%,#REF!,0.00%,0.00%,0.00%,0.00%,0.00%
166,150-507,3HAEUMMR3TL489068,7,DVMC,.,,,,,,,,,,3%,,,,0.00%,12.16%,0.00%,0.00%,0.00%,0.00%,0.00%,0.00%,0.00%,0.00%,0.00%,,0.00%,0.57%,0.00%,0.00%,0.00%,#REF!,0.00%,0.00%,0.00%,0.00%,0.00%
167,150-508,3HAEUMMR2TL490034,8,DVMC,.,,,,,,,,,,3%,,,,0.00%,12.16%,0.00%,0.00%,0.00%,0.00%,0.00%,0.00%,0.00%,0.00%,0.00%,,0.00%,0.57%,0.00%,0.00%,0.00%,#REF!,0.00%,0.00%,0.00%,0.00%,0.00%
168,150-509,3HAEUMMR1TL489831,9,DVMC,.,,,,,,,,,,3%,,,,0.00%,12.16%,0.00%,0.00%,0.00%,0.00%,0.00%,0.00%,0.00%,0.00%,0.00%,,0.00%,0.57%,0.00%,0.00%,0.00%,#REF!,0.00%,0.00%,0.00%,0.00%,0.00%
169,150-510,3HAEUMMR1TL489523,10,DVMC,.,,,,,,,,,,3%,,,,0.00%,12.16%,0.00%,0.00%,0.00%,0.00%,0.00%,0.00%,0.00%,0.00%,0.00%,,0.00%,0.57%,0.00%,0.00%,0.00%,#REF!,0.00%,0.00%,0.00%,0.00%,0.00%
170,150-511,3HAEUMMR1TL489067,11,DVMC,.,,,,,,,,,,3%,,,,0.00%,12.16%,0.00%,0.00%,0.00%,0.00%,0.00%,0.00%,0.00%,0.00%,0.00%,,0.00%,0.57%,0.00%,0.00%,0.00%,#REF!,0.00%,0.00%,0.00%,0.00%,0.00%