# ALMACEN,VIN,DIVISION/ ZONA,SALIDA ALMACEN MC,ENTREGADO A ALMACEN CFE,ENTREGA A CAJA CFE,FECHA CURSO,OFICIO DE ACEPTACION DE CURSO,FORMA DE PAGO,PROMESA DE PAGO,FECHA REAL,TOTAL FACTURA,PAGADA/ NO PAGADA,MONTO PENALIZACION,SALDO PENDIENTE,OBSERVACIONES,UNIDADES EN GARANTIA,ESTATUS DE GARANTIAS
150-342,3HAEUMMR5SL145143,JALISCO,,19/6/26,19/6/26,22/6/26,26/06/2026,30 días ,26/07/2026,,,,,,Presenta fuga en conexiones rápidas cero fugas de control superior,Si,Por atender-En espera de llegada de personal a la zona 
150-343,3HAEUMMR6SL145202,JALISCO,,19/6/26,19/6/26,22/6/26,26/06/2026,,26/07/2026,,,,,,,,
150-344,3HAEUMMRXSL145204,JALISCO,,19/6/26,19/6/26,22/6/26,26/06/2026,,26/07/2026,,,,,,,,
150-345,3HAEUMMR7SL145080,JALISCO,,19/6/26,19/6/26,22/6/26,26/06/2026,,26/07/2026,,,,,,,,
150-346,3HAEUMMR7SL145130,JALISCO,,19/6/26,19/6/26,22/6/26,26/06/2026,,26/07/2026,,,,,,,,
150-347,3HAEUMMR1SL143616,JALISCO,,19/6/26,19/6/26,22/6/26,26/06/2026,,26/07/2026,,,,,,,,
150-348,3HAEUMMR7SL143684,NOROESTE / COCC,,2/7/26,2/7/26,,,,29/01/3800,,,,,,,,
150-349,3HAEUMMR2SL143947,NOROESTE,,19/6/26,19/6/26,10/7/26,,,29/01/3800,,,,,,,,
150-350,3HAEUMMR7SL144396,NOROESTE,,29/6/26,29/6/26,10/7/26,,,29/01/3800,,,,,,"Falla en la palanca del estabilizador trasero del lado del piloto (se queda pegada).
Falta perno de aguilón.",Sí,Por atender
150-351,3HAEUMMR7SL144074,NOROESTE,,29/6/26,29/6/26,10/7/26,,,29/01/3800,,,,,,"Falla en la palanca del estabilizador delantero izquierdo (se queda pegada y se acciona de manera automática).
Falla en el switch de la palanca.",Sí,Por atender
150-352,3HAEUMMR4SL143254,NOROESTE,,29/6/26,29/6/26,10/7/26,,,29/01/3800,,,,,,"Falla en la palanca del estabilizador delantero izquierdo (se queda pegada y se acciona de manera automática).
Falta componente (gato).",Sí,Por atender
150-353,3HAEUMMR0SL143980,NOROESTE,,29/6/26,29/6/26,10/7/26,,,29/01/3800,,,,,,Falla en la palanca del estabilizador delantero izquierdo (se queda pegada y se acciona de manera automática).,Sí,Atendida 
150-354,3HAEUMMR4SL143576,NOROESTE,,29/6/26,29/6/26,10/7/26,,,29/01/3800,,,,,,,,
150-355,3HAEUMMR1SL144913,BAJA CALIFORNIA,,,,,,,29/01/3800,,,,,,Fugas y daño en palancas,Sí,Atendida 
150-356,3HAEUMMR1SL143020,BAJA CALIFORNIA,,,,,,,29/01/3800,,,,,,Tapas dañadas y micro de anulación,Sí,Atendida 
150-357,3HAEUMMR1SL141882,BAJA CALIFORNIA,,,,,,,29/01/3800,,,,,,Preseta fuga de aceite ,Sí,Atendida 
150-358,3HAEUMMR9SL144898,BAJA CALIFORNIA,,,,,,,29/01/3800,,,,,,Tapas dañadas y micro de anulación,Sí,Atendida 
150-359,3HAEUMMR9SL144481,BAJA CALIFORNIA,,,,,,,29/01/3800,,,,,,Sin cinturon de sujeción y tapa de brazo inferior dañada ,Sí,Atendida 
150-360,3HAEUMMR2SL144774,BAJA CALIFORNIA,,,,,,,29/01/3800,,,,,,Fugas y daño en palancas,Sí,Atendida 
150-361,3HAEUMMR1SL078119,BAJA CALIFORNIA,,,,,,,29/01/3800,,,,,,Preseta fuga de aceite ,Sí,Atendida 
150-362,3HAEUMMR0TL492090,BAJA CALIFORNIA,,,,,,,29/01/3800,,,,,,,,
150-363,3HAEUMMR0TL493272,BAJA CALIFORNIA,,,,,,,29/01/3800,,,,,,,,
150-364,3HAEUMMR0TL494485,GOLFO NORTE,,,,,,,29/01/3800,,,,,,,,
150-365,3HAEUMMR1TL493409,GOLFO NORTE,,,,,,,29/01/3800,,,,,,,,
150-366,3HAEUMMR1TL494768,GOLFO NORTE,,,,,,,29/01/3800,,,,,,,,
150-367,3HAEUMMR3TL494593,GOLFO NORTE,,,,,,,29/01/3800,,,,,,,,
150-368,3HAEUMMR3TL494769,GOLFO NORTE,,,,,,,29/01/3800,,,,,,,,
150-369,3HAEUMMR4TL495106,GOLFO NORTE,,,,,,,29/01/3800,,,,,,,,
150-370,3HAEUMMR4TL495364,GOLFO NORTE,,,,,,,29/01/3800,,,,,,,,
150-371,3HAEUMMR6TL495107,GOLFO NORTE,,,,,,,29/01/3800,,,,,,,,
150-372,3HAEUMMR7TL495388,GOLFO NORTE,,,,,,,29/01/3800,,,,,,,,
150-373,3HAEUMMR8TL495433,GOLFO NORTE,,,,,,,29/01/3800,,,,,,,,
150-374,3HAEUMMRXTL494753,GOLFO NORTE,,,,,,,29/01/3800,,,,,,,,
150-375,3HAEUMMRXTL494879,GOLFO NORTE,,,,,,,29/01/3800,,,,,,,,
150-376,3HAEUMMR2TL492091,GOLFO NORTE,,,,,,,29/01/3800,,,,,,,,
150-377,3HAEUMMR2TL493144,GOLFO NORTE,,,,,,,29/01/3800,,,,,,,,
150-378,3HAEUMMR3TL492620,GOLFO NORTE,,,,,,,29/01/3800,,,,,,,,
150-379,3HAEUMMR4TL492660,GOLFO NORTE,,,,,,,29/01/3800,,,,,,,,
150-380,3HAEUMMR4TL493145,GOLFO NORTE,,,,,,,29/01/3800,,,,,,,,
150-381,3HAEUMMR4TL493307,GOLFO NORTE,,,,,,,29/01/3800,,,,,,,,
150-382,3HAEUMMR5TL493106,GOLFO NORTE,,,,,,,29/01/3800,,,,,,,,
150-383,3HAEUMMR6TL492501,GOLFO NORTE,,,,,,,29/01/3800,,,,,,,,
150-384,3HAEUMMR6TL492594,GOLFO NORTE,,,,,,,29/01/3800,,,,,,,,
150-385,3HAEUMMR7TL492216,GOLFO NORTE,,,,,,,29/01/3800,,,,,,,,
150-386,3HAEUMMR7TL492619,GOLFO NORTE,,,,,,,29/01/3800,,,,,,,,
150-387,3HAEUMMR7TL493107,GOLFO NORTE,,,,,,,29/01/3800,,,,,,,,
150-388,3HAEUMMR8TL492595,GOLFO NORTE,,,,,,,29/01/3800,,,,,,,,
150-389,3HAEUMMR8TL495500,GOLFO NORTE,,,,,,,29/01/3800,,,,,,,,
150-390,3HAEUMMR9TL493271,GOLFO NORTE,,,,,,,29/01/3800,,,,,,,,
150-391,3HAEUMMRXTL491867,GOLFO NORTE,,,,,,,29/01/3800,,,,,,,,
150-392,3HAEUMMR0TL493899,GOLFO NORTE,,,,,,,29/01/3800,,,,,,,,
150-393,3HAEUMMR1TL493412,GOLFO NORTE,,,,,,,29/01/3800,,,,,,,,
150-394,3HAEUMMR1TL493717,GOLFO NORTE,,,,,,,29/01/3800,,,,,,,,
150-395,3HAEUMMR1TL494107,GOLFO NORTE,,,,,,,29/01/3800,,,,,,,,
150-396,3HAEUMMR1TL494592,GOLFO NORTE,,,,,,,29/01/3800,,,,,,,,
150-397,3HAEUMMR2TL494262,GOLFO NORTE,,,,,,,29/01/3800,,,,,,,,
150-398,3HAEUMMR2TL494486,GOLFO NORTE,,,,,,,29/01/3800,,,,,,,,
150-399,3HAEUMMR2TL494567,GOLFO NORTE,,,,,,,29/01/3800,,,,,,,,
150-400,3HAEUMMR3TL494108,GOLFO NORTE,,,,,,,29/01/3800,,,,,,,,
150-401,3HAEUMMR4TL493968,GOLFO NORTE,,,,,,,29/01/3800,,,,,,,,
150-402,3HAEUMMR4TL494263,GOLFO NORTE,,,,,,,29/01/3800,,,,,,,,
150-403,3HAEUMMR4TL494568,NORTE,,,,,,,29/01/3800,,,,,,,,
150-404,3HAEUMMR6TL493308,NORTE,,,,,,,29/01/3800,,,,,,,,
150-405,3HAEUMMR6TL493969,NORTE,,,,,,,29/01/3800,,,,,,,,
150-406,3HAEUMMR7TL493835,NORTE,,,,,,,29/01/3800,,,,,,,,
150-407,3HAEUMMR7TL494080,NORTE,,,,,,,29/01/3800,,,,,,,,
150-408,3HAEUMMR7TL494533,NORTE,,,,,,,29/01/3800,,,,,,,,
150-409,3HAEUMMR7TL494578,NORTE,,,,,,,29/01/3800,,,,,,,,
150-410,3HAEUMMR8TL491866,NORTE,,,,,,,29/01/3800,,,,,,,,
150-411,3HAEUMMR8TL492659,NORTE,,,,,,,29/01/3800,,,,,,,,
150-412,3HAEUMMR8TL493990,NORTE,,,,,,,29/01/3800,,,,,,,,
150-413,3HAEUMMR9TL493836,NORTE,,,,,,,29/01/3800,,,,,,,,
150-414,3HAEUMMR9TL493898,PENINSULAR,,,,,,,29/01/3800,,,,,,,,
150-415,3HAEUMMR9TL494081,PENINSULAR,,,,,,,29/01/3800,,,,,,,,
150-416,3HAEUMMR9TL494534,PENINSULAR,,,,,,,29/01/3800,,,,,,,,
150-417,3HAEUMMR9TL494579,PENINSULAR,,,,,,,29/01/3800,,,,,,,,
150-418,3HAEUMMRXTL493408,PENINSULAR,,,,,,,29/01/3800,,,,,,,,
150-419,3HAEUMMRXTL493411,PENINSULAR,,,,,,,29/01/3800,,,,,,,,
150-420,3HAEUMMRXTL493716,GOLFO CENTRO,,,,,,,29/01/3800,,,,,,,,
150-421,3HAEUMMRXTL493991,GOLFO CENTRO,,,,,,,29/01/3800,,,,,,,,
150-422,3HAEUMMR0TL490923,GOLFO CENTRO,,,,,,,29/01/3800,,,,,,,,
150-423,3HAEUMMR0TL492283,GOLFO CENTRO,,,,,,,29/01/3800,,,,,,,,
150-424,3HAEUMMR1TL491028,GOLFO CENTRO,,,,,,,29/01/3800,,,,,,,,
150-425,3HAEUMMR1TL491434,GOLFO CENTRO,,,,,,,29/01/3800,,,,,,,,
150-426,3HAEUMMR2TL490924,BAJIO,,,,,,,29/01/3800,,,,,,,,
150-427,3HAEUMMR2TL491037,BAJIO,,,,,,,29/01/3800,,,,,,,,
150-428,3HAEUMMR2TL491815,CENTRO OCCIDENTE,,,,,,,29/01/3800,,,,,,,,
150-429,3HAEUMMR3TL491015,CENTRO OCCIDENTE,,,,,,,29/01/3800,,,,,,,,
150-430,3HAEUMMR4TL490827,CENTRO OCCIDENTE,,,,,,,29/01/3800,,,,,,,,
150-431,3HAEUMMR4TL492500,CENTRO OCCIDENTE,,,,,,,29/01/3800,,,,,,,,
150-432,3HAEUMMR5TL491016,CENTRO OCCIDENTE,,,,,,,29/01/3800,,,,,,,,
150-433,3HAEUMMR6TL490828,CENTRO OCCIDENTE,,,,,,,29/01/3800,,,,,,,,
150-434,3HAEUMMR7TL491020,CENTRO OCCIDENTE,,,,,,,29/01/3800,,,,,,,,
150-435,3HAEUMMR7TL492152,CENTRO OCCIDENTE,,,,,,,29/01/3800,,,,,,,,
150-436,3HAEUMMR8TL491687,CENTRO OCCIDENTE,,,,,,,29/01/3800,,,,,,,,
150-437,3HAEUMMR9TL491021,CENTRO ORIENTE,,,,,,,29/01/3800,,,,,,,,
150-438,3HAEUMMR9TL492153,CENTRO ORIENTE,,,,,,,29/01/3800,,,,,,,,
150-439,3HAEUMMR9TL492217,CENTRO ORIENTE,,,,,,,29/01/3800,,,,,,,,
150-440,3HAEUMMR9TL492282,CENTRO ORIENTE,,,,,,,29/01/3800,,,,,,,,
150-441,3HAEUMMRXTL491433,CENTRO ORIENTE,,,,,,,29/01/3800,,,,,,,,
150-442,3HAEUMMR2TL495363,CENTRO ORIENTE,,,,,,,29/01/3800,,,,,,,,
150-443,3HAEUMMR0TL495734,CENTRO ORIENTE,,,,,,,29/01/3800,,,,,,,,
150-444,3HAEUMMR6TL495432,CENTRO ORIENTE,,,,,,,29/01/3800,,,,,,,,
150-445,3HAEUMMR5TL495499,CENTRO ORIENTE,,,,,,,29/01/3800,,,,,,,,
150-446,3HAEUMMR2TL495198,CENTRO ORIENTE,,,,,,,29/01/3800,,,,,,,,
150-447,3HAEUMMR4TL505200,CENTRO ORIENTE,,,,,,,29/01/3800,,,,,,,,
150-448,3HAEUMMRXTL505251,CENTRO ORIENTE,,,,,,,29/01/3800,,,,,,,,
150-449,3HAEUMMR9TL504768,CENTRO ORIENTE,,,,,,,29/01/3800,,,,,,,,
150-450,3HAEUMMR9TL503474,CENTRO ORIENTE,,,,,,,29/01/3800,,,,,,,,
150-451,3HAEUMMR8TL505250,CENTRO ORIENTE,,,,,,,29/01/3800,,,,,,,,
150-452,3HAEUMMR8TL504776,CENTRO ORIENTE,,,,,,,29/01/3800,,,,,,,,
150-453,3HAEUMMR8TL503479,CENTRO ORIENTE,,,,,,,29/01/3800,,,,,,,,
150-454,3HAEUMMR4TL505259,CENTRO ORIENTE,,,,,,,29/01/3800,,,,,,,,
150-455,3HAEUMMR4TL503480,CENTRO ORIENTE,,,,,,,29/01/3800,,,,,,,,
150-456,3HAEUMMR1TL505199,CENTRO ORIENTE,,,,,,,29/01/3800,,,,,,,,
150-457,3HAEUMMR0TL505288,CENTRO ORIENTE,,,,,,,29/01/3800,,,,,,,,
150-458,3HAEUMMR0TL503475,CENTRO SUR,,,,,,,29/01/3800,,,,,,,,
150-459,3HAEUMMRXTL504777,CENTRO SUR,,,,,,,29/01/3800,,,,,,,,
150-460,3HAEUMMR0TL505260,CENTRO SUR,,,,,,,29/01/3800,,,,,,,,
150-461,3HAEUMMR0TL504769,CENTRO SUR,,,,,,,29/01/3800,,,,,,,,
150-462,3HAEUMMR7TL502338,CENTRO SUR,,,,,,,29/01/3800,,,,,,,,
150-463,3HAEUMMR3TL502627,CENTRO SUR,,,,,,,29/01/3800,,,,,,,,
150-464,3HAEUMMR5TL495759,CENTRO SUR,,,,,,,29/01/3800,,,,,,,,
150-465,3HAEUMMR3TL495758,CENTRO SUR,,,,,,,29/01/3800,,,,,,,,
150-466,3HAEUMMR2TL495735,CENTRO SUR,,,,,,,29/01/3800,,,,,,,,
150-467,3HAEUMMR0TL495801,ORIENTE,,,,,,,29/01/3800,,,,,,,,
150-468,3HAEUMMR5TL501396,ORIENTE,,,,,,,29/01/3800,,,,,,,,
150-469,3HAEUMMR4TL488656,ORIENTE,,,,,,,29/01/3800,,,,,,,,
150-470,3HAEUMMRXTL488788,ORIENTE,,,,,,,29/01/3800,,,,,,,,
150-471,3HAEUMMR8TL488787,ORIENTE,,,,,,,29/01/3800,,,,,,,,
150-472,3HAEUMMRXTL489357,ORIENTE,,,,,,,29/01/3800,,,,,,,,
150-473,3HAEUMMR8TL489356,DVMS,,,,,,,29/01/3800,,,,,,,,
150-474,3HAEUMMR6TL489145,DVMS,,,,,,,29/01/3800,,,,,,,,
150-475,3HAEUMMR6TL489114,DVMS,,,,,,,29/01/3800,,,,,,,,
150-476,3HAEUMMR6TL488769,DVMS,,,,,,,29/01/3800,,,,,,,,
150-477,3HAEUMMR4TL489175,DVMS,,,,,,,29/01/3800,,,,,,,,
150-478,3HAEUMMR4TL489113,DVMS,,,,,,,29/01/3800,,,,,,,,
150-479,3HAEUMMR0TL488637,DVMS,,,,,,,29/01/3800,,,,,,,,
150-480,3HAEUMMR9TL488765,DVMS,,,,,,,29/01/3800,,,,,,,,
150-481,3HAEUMMR9TL488636,DVMS,,,,,,,29/01/3800,,,,,,,,
150-482,3HAEUMMR8TL488725,DVMS,,,,,,,29/01/3800,,,,,,,,
150-483,3HAEUMMR8TL488482,DVMS,,,,,,,29/01/3800,,,,,,,,
150-484,3HAEUMMR7TL488764,DVMS,,,,,,,29/01/3800,,,,,,,,
150-485,3HAEUMMR6TL488724,DVMS,,,,,,,29/01/3800,,,,,,,,
150-486,3HAEUMMR3TL488762,DVMS,,,,,,,29/01/3800,,,,,,,,
150-487,3HAEUMMR2TL488655,DVMS,,,,,,,29/01/3800,,,,,,,,
150-488,3HAEUMMR1TL488761,DVMS,,,,,,,29/01/3800,,,,,,,,
150-489,3HAEUMMR9TL489821,DVMS,,,,,,,29/01/3800,,,,,,,,
150-490,3HAEUMMR9TL489673,DVMS,,,,,,,29/01/3800,,,,,,,,
150-491,3HAEUMMR7TL489672,DVMS,,,,,,,29/01/3800,,,,,,,,
150-492,3HAEUMMR5TL489668,DVMS,,,,,,,29/01/3800,,,,,,,,
150-493,3HAEUMMR4TL489709,DVMS,,,,,,,29/01/3800,,,,,,,,
150-494,3HAEUMMR3TL489667,DVMS,,,,,,,29/01/3800,,,,,,,,
150-495,3HAEUMMR0TL489822,DVMS,,,,,,,29/01/3800,,,,,,,,
150-496,3HAEUMMR0TL489710,DVMS,,,,,,,29/01/3800,,,,,,,,
150-497,3HAEUMMR8TL489664,DVMS,,,,,,,29/01/3800,,,,,,,,
150-498,3HAEUMMR6TL489663,DVMS,,,,,,,29/01/3800,,,,,,,,
150-499,3HAEUMMRXTL490069,DVMS,,,,,,,29/01/3800,,,,,,,,
150-500,3HAEUMMRXTL488807,DVMS,,,,,,,29/01/3800,,,,,,,,
150-501,3HAEUMMR9TL490127,DVMC,,,,,,,29/01/3800,,,,,,,,
150-502,3HAEUMMR7TL490126,DVMC,,,,,,,29/01/3800,,,,,,,,
150-503,3HAEUMMR6TL490277,DVMC,,,,,,,29/01/3800,,,,,,,,
150-504,3HAEUMMR6TL490070,DVMC,,,,,,,29/01/3800,,,,,,,,
150-505,3HAEUMMR3TL489832,DVMC,,,,,,,29/01/3800,,,,,,,,
150-506,3HAEUMMR3TL489524,DVMC,,,,,,,29/01/3800,,,,,,,,
150-507,3HAEUMMR3TL489068,DVMC,,,,,,,29/01/3800,,,,,,,,
150-508,3HAEUMMR2TL490034,DVMC,,,,,,,29/01/3800,,,,,,,,
150-509,3HAEUMMR1TL489831,DVMC,,,,,,,29/01/3800,,,,,,,,
150-510,3HAEUMMR1TL489523,DVMC,,,,,,,29/01/3800,,,,,,,,
150-511,3HAEUMMR1TL489067,DVMC,,,,,,,29/01/3800,,,,,,,,